{
  "project_info": {
    "project_number": "853672678870",
    "firebase_url": "https://vmtandroid-3bb1d.firebaseio.com",
    "project_id": "vmtandroid-3bb1d",
    "storage_bucket": "vmtandroid-3bb1d.appspot.com"
  },
  "client": [
    {
      "client_info": {
        "mobilesdk_app_id": "1:853672678870:android:750a999cfe3b86b5",
        "android_client_info": {
          "package_name": "com.example.vmtandroid"
        }
      },
      "oauth_client": [
        {
          "client_id": "853672678870-dn7ufitbj6k5ldmp9porj3598j3k9t6a.apps.googleusercontent.com",
          "client_type": 3
        }
      ],
      "api_key": [
        {
          "current_key": "AIzaSyAhd0vUwf0EurskJ-SXKpGIr5g-FK42L_8"
        }
      ],
      "services": {
        "appinvite_service": {
          "other_platform_oauth_client": [
            {
              "client_id": "853672678870-dn7ufitbj6k5ldmp9porj3598j3k9t6a.apps.googleusercontent.com",
              "client_type": 3
            }
          ]
        }
      }
    }
  ],
  "configuration_version": "1"
}